{"ts": 1766719899.8076591, "quotes": [{"underlying": "AAPL", "bid": 120.68, "ask": 121.08000000000001, "ts": 1766719899.8076591}, {"underlying": "SPY", "bid": 290.55, "ask": 290.77000000000004, "ts": 1766719899.8076591}]}