{"ts": 1766720566.0119903, "quotes": [{"underlying": "AAPL", "bid": 108.14, "ask": 108.53, "ts": 1766720566.0119903}, {"underlying": "SPY", "bid": 87.78, "ask": 88.27, "ts": 1766720566.0119903}]}