{"ts": 1766717413.6935053, "quotes": [{"underlying": "AAPL", "bid": 124.08, "ask": 124.53, "ts": 1766717413.6935053}, {"underlying": "SPY", "bid": 90.86, "ask": 91.0, "ts": 1766717413.6935053}]