{"ts": 1766720779.4054947, "quotes": [{"underlying": "AAPL", "bid": 127.04, "ask": 127.21000000000001, "ts": 1766720779.4054947}, {"underlying": "SPY", "bid": 125.15, "ask": 125.44000000000001, "ts": 1766720779.4054947}]}