{"ts": 1766720485.5942147, "quotes": [{"underlying": "AAPL", "bid": 209.28, "ask": 209.77, "ts": 1766720485.5942147}, {"underlying": "SPY", "bid": 138.52, "ask": 138.77, "ts": 1766720485.5942147}]}