{"ts": 1766720387.0753524, "quotes": [{"underlying": "AAPL", "bid": 169.29, "ask": 169.78, "ts": 1766720387.0753524}, {"underlying": "SPY", "bid": 292.68, "ask": 292.88, "ts": 1766720387.0753524}]}