{"ts": 1766719974.1732566, "quotes": [{"underlying": "AAPL", "bid": 206.45, "ask": 206.85, "ts": 1766719974.1732566}, {"underlying": "SPY", "bid": 92.99, "ask": 93.42, "ts": 1766719974.1732566}]}